system,cv,n_points,rc_min,rc_max,well_depth,min_at_rc,max_at_rc
APO,CV1,51,59.8,64.8,47.5542,64.6,59.8
AZD5305,CV1,52,60.7,65.8,79.3811,64.4,60.7
fluzoparib,CV1,45,61.8,66.2,56.909,63.3,61.8
niraparib,CV1,43,62.0,66.2,42.1,63.1,62.0
olaparib,CV1,44,62.2,66.5,45.3,63.2,62.2
pamiparib,CV1,40,60.7,64.6,58.0839,62.6,60.7
rucaparib,CV1,41,61.7,65.7,47.0,62.7,61.7
senaparib,CV1,37,63.4,67.0,66.33,64.7,63.4
talazoparib,CV1,67,60.1,66.7,53.0931,63.8,60.1
veliparib,CV1,47,62.3,66.9,58.8896,66.0,62.3
APO,CV2,23,21.6,23.8,44.0222,22.4,21.6
AZD5305,CV2,18,22.0,23.7,50.3477,22.4,22.0
fluzoparib,CV2,21,22.7,24.7,46.8632,23.5,22.7
niraparib,CV2,16,22.2,23.7,39.9,22.5,22.2
olaparib,CV2,18,22.0,23.7,47.5,22.9,22.0
pamiparib,CV2,21,22.4,24.4,51.7714,23.4,22.4
rucaparib,CV2,16,22.1,23.6,40.2,22.9,22.1
senaparib,CV2,18,23.1,24.8,49.4431,24.4,23.1
talazoparib,CV2,23,21.3,23.5,61.947,22.8,21.3
veliparib,CV2,23,21.9,24.1,72.949,23.5,21.9
