"ligand","label","type","color","wd_S1","rcmin_S1","rcrange_S1","nstates_S1","system.x","wd_S2","rcmin_S2","rcrange_S2","nstates_S2","system.y","wd_ratio","delta_wd","trap_potency","shape","type_shape"
"APO","APO","APO","grey40",48.0245,24.3,2.8,7,"S1",44.0222069681795,22.4,2.20000000000003,7,"S2",1.09091531995916,4.00229303182052,NA,17,"Unclassified / control"
"AZD5305","AZD5305","Unknown","darkorange",59.6887,23.6,2.7,6,"S1",50.3476664621762,22.4,1.70000000000002,6,"S2",1.18553061530352,9.34103353782384,NA,15,"Unclassified / control"
"olaparib","Olaparib","Type II","#E41A1C",51.6245,24.3,3.3,9,"S1",48.0399325847723,23.2,1.80000000000003,5,"S2",1.07461641227124,3.58456741522772,1,16,"Type II"
"talazoparib","Talazoparib","Type II","#FF7F00",44.8508,24.292462,2.9,9,"S1",61.9469971756015,22.8,2.20000000000003,6,"S2",0.72401895240961,-17.0961971756015,100,16,"Type II"
"veliparib","Veliparib","Type III","#377EB8",51.844,23.50201,3.1,11,"S1",72.9489662916288,23.5,2.20000000000003,5,"S2",0.710688617474616,-21.1049662916288,0.02,17,"Type III"
"niraparib","Niraparib","Type III","#4DAF4A",49.3973,23.6,1.8,4,"S1",53.4120025829154,23.2,1.50000000000002,4,"S2",0.92483519829306,-4.01470258291543,65,17,"Type III"
"rucaparib","Rucaparib","Type III","#984EA3",48.666,24.1,2.3,8,"S1",52.5953839878437,23.2,1.30000000000002,3,"S2",0.925290326072115,-3.92938398784372,0.8,17,"Type III"
"fluzoparib","Fluzoparib","Extension","#C23531",53.9990257760058,25.2,3.50000000000005,11,"S1",46.8631690530041,23.5,2.00000000000003,6,"S2",1.15227004206503,7.13585672300164,NA,18,"Unclassified / control"
"pamiparib","Pamiparib","Extension","#3D6BA8",48.6948675343395,23.4,2.70000000000004,9,"S1",51.7714468392947,23.4,2.00000000000003,4,"S2",0.940573820266116,-3.07657930495516,NA,15,"Unclassified / control"
"senaparib","Senaparib","Extension","#9D2933",52.1879913492686,24.9,2.70000000000004,8,"S1",49.4431266925812,24.4,1.70000000000002,4,"S2",1.05551559620721,2.74486465668731,NA,8,"Unclassified / control"
