"PC","Variance"
1,38.7287202774133
2,21.0074327090175
3,10.6571061567206
4,8.33198181238071
5,5.80347961899012
6,3.7039832080138
7,2.7570590428345
8,1.70711363767559
9,1.00488744482243
10,0.733379441381895
11,0.612431132476062
12,0.451099297703853
13,0.357620570553195
14,0.314305844705644
15,0.294223667243417
16,0.240287940869608
17,0.198196796045154
18,0.187443338692586
19,0.175879332204226
20,0.157913987040662
21,0.138611363974483
22,0.122315401633855
23,0.113567695461868
24,0.106914190220548
25,0.0993086156456404
26,0.0938028500643858
27,0.0876315504152116
28,0.0734765996775024
29,0.0669135728094636
30,0.0658345915953368
31,0.0556022619248542
32,0.0504805883348107
33,0.0480178818712226
34,0.0443589823999628
35,0.0429951995431055
36,0.0388226839456623
37,0.0385624672304548
38,0.0355757400622779
39,0.0320105009020229
40,0.0306480285135334
41,0.0292237952026322
42,0.0277733468572164
43,0.0257261733059749
44,0.0249728341541341
45,0.0236838025441122
46,0.0225322909703243
47,0.0219580608353831
48,0.0212216514409314
49,0.0206890868020036
50,0.0194381786363827
51,0.0191890185570335
52,0.0188511912674556
53,0.0176952142928137
54,0.0170049432087847
55,0.0162288874427282
56,0.0158216721068116
57,0.0147341031365227
58,0.014495616804993
59,0.0136915827391457
60,0.0133948337493021
61,0.0130714640635677
62,0.0122077843531781
63,0.0117485672096462
64,0.0114707923868354
65,0.0111749851759438
66,0.0107890385066622
67,0.0105148861504613
68,0.0101329970654405
69,0.00975589213639674
70,0.0096088800626608
71,0.00945157445406495
72,0.00917644462102524
73,0.00899497188602104
74,0.00862486373596085
75,0.00844508969963916
76,0.00815927509572697
77,0.00801823834356565
78,0.00771388212981423
79,0.0075340704074889
80,0.0071432351589206
81,0.00694580547485126
82,0.0068505798312469
83,0.00667375767869781
84,0.00658109965240608
85,0.00655093275638685
86,0.00644136082170463
87,0.00623275148216329
88,0.00610320813921371
89,0.00588559491024004
90,0.00582573965782658
91,0.00571369621080576
92,0.00561750757334179
93,0.00556621202136326
94,0.0054251297937038
95,0.00535827563860663
96,0.00514947765884105
97,0.00511574512319976
98,0.00497425759678699
99,0.00486544885570543
100,0.00468539610532744
101,0.00464640693400716
102,0.00459215150740307
103,0.00450101641415916
104,0.0044720759746393
105,0.00434387805186431
106,0.00427951401124626
107,0.00421928812275128
108,0.00411347659252875
109,0.00399748070850795
110,0.00395964250896482
111,0.00384869104483848
112,0.0038208114746088
113,0.00374530842836632
114,0.00369429160657718
115,0.00362505452589367
116,0.00355321219972239
117,0.00352168400462767
118,0.0034382723954655
119,0.00340632255743541
120,0.00339388413693514
121,0.00335554698046485
122,0.00330414546108219
123,0.003232394282634
124,0.0031339015242893
125,0.00311258312232264
126,0.00305060934215097
127,0.00300028250500465
128,0.00297486617003453
129,0.00290166291322994
130,0.00284892184574776
131,0.00283643845722543
132,0.0027789621913052
133,0.00275560471940535
134,0.00273834226074953
135,0.00266153595196391
136,0.00263261032438645
137,0.00262071435303163
138,0.00257563324327232
139,0.00255966092316951
140,0.00252133355177737
141,0.00250292736339571
142,0.00243210622655905
143,0.00239590672909856
144,0.00238765361743347
145,0.00236087835746354
146,0.00234339131039727
147,0.00229774274484666
148,0.00227766869673987
149,0.0022701080607363
150,0.00220076648800303
151,0.00219221601179521
152,0.00217067917268454
153,0.0021398626270042
154,0.00211576209436028
155,0.0020805105125961
156,0.00206351469584285
157,0.00204205094643371
158,0.00201202789260352
159,0.00199791626920784
160,0.00196875863460002
161,0.00194489176169765
162,0.00193111540863143
163,0.00191071368312735
164,0.00190262200379149
165,0.00186901804018519
166,0.00185233412643933
167,0.00183179101424204
168,0.00181078245690872
169,0.00179165703712748
170,0.0017719291551808
171,0.00175306471893353
172,0.00173623443793582
173,0.0017252845619464
174,0.00169522548133861
175,0.00168575100552864
176,0.0016753791332502
177,0.00165398416310157
178,0.00163061692545182
179,0.00161166741848427
180,0.00159930007741036
181,0.00157724276637853
182,0.00156844044091599
183,0.00155106578546679
184,0.00153359192832946
185,0.00152224718581037
186,0.00149550960188727
187,0.00149243981606568
188,0.00146675629453449
189,0.00146441770336087
190,0.0014549303825265
191,0.00143207325366334
192,0.00142259284054436
193,0.00141151019412542
194,0.001397266631869
195,0.0013846790172739
196,0.00137865980448202
197,0.00136565562827991
198,0.0013393529484235
199,0.00133435339138441
200,0.00132806290546934
201,0.00131839355775072
202,0.001296938316493
203,0.00129535246795259
204,0.00128247176103502
205,0.00126871662310791
206,0.00125487633793408
207,0.00124620328960626
208,0.00124012358711208
209,0.00122943419316644
210,0.00121292082082391
211,0.00120068227495593
212,0.00119031283228125
213,0.00118025605149925
214,0.00117267676892939
215,0.00116875279234959
216,0.0011570943527325
217,0.00115207343814469
218,0.00114412199751498
219,0.00113501419675366
220,0.00111418651913548
221,0.00111058395916535
222,0.00110491185494498
223,0.00109822277229344
224,0.00109374349374921
225,0.00107179408305569
226,0.00106451304128039
227,0.00105793822226309
228,0.00105255740886127
229,0.00104585434684863
230,0.00103595621343763
231,0.00102661516619501
232,0.00102192073779126
233,0.00101499953844599
234,0.000999898274876294
235,0.000995525068887589
236,0.000988013544156291
237,0.000979253960897288
238,0.000976927109612705
239,0.000971703632881282
240,0.000960866250032608
241,0.000952494767473388
242,0.000941702120548455
243,0.000932575165340309
244,0.000929461668983476
245,0.000917911162619415
246,0.00091501437360712
247,0.000912146673809725
248,0.000901382182499449
249,0.000898757273855406
250,0.000889872096289492
251,0.000881712438608676
252,0.000877520384561488
253,0.000868384908741138
254,0.000866857332769469
255,0.0008644745420766
256,0.000859246249349217
257,0.000856182797792717
258,0.000853618249882609
259,0.000847353934554174
260,0.0008331256364817
261,0.000827648218356839
262,0.000824195159351253
263,0.000813734720996597
264,0.000812353207334166
265,0.000811080013042161
266,0.000804312211807491
267,0.00079978886107511
268,0.000795109115822257
269,0.000789680293189879
270,0.000783164505966976
271,0.000781232194631964
272,0.000775742668804333
273,0.000761898932293239
274,0.000755830674401539
275,0.000752304859953273
276,0.000748129416368592
277,0.000745878324211056
278,0.00074246221478214
279,0.000732522658155723
280,0.00073090170352282
281,0.000725394034823657
282,0.000720286609359567
283,0.000717928777960737
284,0.000716040229723298
285,0.000710026609736146
286,0.000708463625178265
287,0.000697047335469484
288,0.000696025254307552
289,0.000689047477407062
290,0.000684448335889208
291,0.000678396927717785
292,0.000673205170677348
293,0.000671610867717943
294,0.000667996027519375
295,0.000662513212683842
296,0.000661232745290503
297,0.000655702061235014
298,0.000651694507938811
299,0.000648579884687822
300,0.000645732573415289
301,0.000639829297726332
302,0.00063734280632125
303,0.00063342175635292
304,0.000628970259348612
305,0.000624277074518736
306,0.000622570733046189
307,0.000620068050806303
308,0.000614810824157262
309,0.000608357019621243
310,0.000605308157437289
311,0.000604414641337771
312,0.000601320285774452
313,0.000597704669948722
314,0.000595258235569657
315,0.0005926079914552
316,0.000588661909487577
317,0.000582716147535694
318,0.000581435554789966
319,0.000579185558803697
320,0.000575746521162213
321,0.00057315732673069
322,0.000570148367976945
323,0.000563782092156645
324,0.000562117318536624
325,0.000559781006671726
326,0.000554381645353386
327,0.000551912418323268
328,0.000550494477092411
329,0.000547163908240078
330,0.000544542996874335
331,0.000541471178787328
332,0.000538751122488342
333,0.000533862711664581
334,0.00053005307545155
335,0.000528683552309146
336,0.000526885978449165
337,0.000525645933677306
338,0.000522881944520701
339,0.000520471787178177
340,0.000516712689932718
341,0.000516192628920399
342,0.000514353415400636
343,0.000512368788563249
344,0.000504861372535205
345,0.000502407605665054
346,0.000500737612467283
347,0.00049992609591573
348,0.000493003368016809
349,0.000490956026861212
350,0.000490107800884808
351,0.000485487438076149
352,0.00048373397968099
353,0.000480601598031439
354,0.00047758943175452
355,0.000476220984406001
356,0.000474160583052547
357,0.000471003316043512
358,0.00046692098317964
359,0.000464329584212598
360,0.000462756299756357
361,0.000460373770750359
362,0.00045717650223998
363,0.000456497804923577
364,0.000454760918238116
365,0.000453689572740096
366,0.000453023215765324
367,0.000449725897643201
368,0.000446691374945351
369,0.000445227621541976
370,0.000443852886033287
371,0.000441296892697482
372,0.000437581935422854
373,0.000435390377736909
374,0.000433557815675259
375,0.000430724184646914
376,0.000427805664394308
377,0.000426495550817068
378,0.000424837990481771
379,0.000420886341787637
380,0.000420009465741833
381,0.000417972257594462
382,0.000416950042078425
383,0.00041537073334085
384,0.000413486955240551
385,0.000409744853055577
386,0.000408715968149126
387,0.000406820076832964
388,0.000404051223442266
389,0.000401216427457682
390,0.000399155246149261
391,0.000398004497377775
392,0.000396828650471166
393,0.000394072665001709
394,0.000392445175648333
395,0.000388752517762395
396,0.000387755372849988
397,0.000386257088809725
398,0.000383801009208048
399,0.000382766280942531
400,0.000381423755016892
401,0.000378257944916965
402,0.000376862884573729
403,0.000376160140621745
404,0.000375085132502339
405,0.000372129216903616
406,0.000371358497694324
407,0.00036858178712266
408,0.000365270272102778
409,0.000364648003921604
410,0.000363473870039401
411,0.000361672078943514
412,0.000361066577125735
413,0.00035883402168989
414,0.000356646067663888
415,0.000354946911683859
416,0.000353000670237009
417,0.000351422942159021
418,0.000350317640629153
419,0.000348564101861588
420,0.000347134648043296
421,0.000345834715371756
422,0.000344148334660773
423,0.000342065649161426
424,0.000341012599460485
425,0.000339649773079613
426,0.00033899829149681
427,0.000337921871687453
428,0.000334887809132064
429,0.000332751057838717
430,0.000331499153469019
431,0.000330776062251116
432,0.000328500866917735
433,0.000326000507916415
434,0.000325807920908615
435,0.000325011697091813
436,0.00032211273416708
437,0.000320287738243414
438,0.000319612406909337
439,0.000318709375979091
440,0.000317781338480503
441,0.000317101290362693
442,0.000314598587090657
443,0.000313907349278442
444,0.00031116492608996
445,0.000309104583306787
446,0.000306886073105471
447,0.000305727870965529
448,0.000304381624883864
449,0.000303467833878042
450,0.000302158778214396
451,0.000300442844931215
452,0.000299223704804548
453,0.000297676664922037
454,0.000295798363913242
455,0.000293982788222265
456,0.000293594523106695
457,0.000292966132593781
458,0.000291076522628047
459,0.000290122791982617
460,0.000289941717858409
461,0.000287918686694009
462,0.000286193027438155
463,0.000285216855204695
464,0.000283139091011825
465,0.000281563035761134
466,0.000281362042336602
467,0.000281017485347573
468,0.000278794691716142
469,0.000278554493065729
470,0.000278319819142395
471,0.000277460531003217
472,0.00027591893534448
473,0.000273772216066941
474,0.00027224267318386
475,0.000271338362924127
476,0.000269940931523545
477,0.000268562049884269
478,0.000268246245597596
479,0.000267254756643415
480,0.000265433973227438
481,0.00026492116201499
482,0.000263106636185264
483,0.000262634227773005
484,0.000261129869332035
485,0.000260353972383644
486,0.00025990431424062
487,0.000258456408213791
488,0.000256238594423056
489,0.000256031779836623
490,0.000255324890297358
491,0.000254942819372822
492,0.00025283473300803
493,0.000252018370967977
494,0.000250944859176032
495,0.000249845227223742
496,0.000248629090630841
497,0.000248035808088146
498,0.000246623230320288
499,0.000246042605785095
500,0.00024492397969945
501,0.000244488593672127
502,0.000243736347134079
503,0.000242547214147752
504,0.000242071531693078
505,0.000240609249192233
506,0.000239952874149541
507,0.000238031191686981
508,0.000236753278424189
509,0.000235017666982246
510,0.000234348423389172
511,0.000233584425991445
512,0.000232496609241887
513,0.000231592013277942
514,0.000230431090424002
515,0.000230111187635726
516,0.000228786629390333
517,0.000228449751983472
518,0.000227917343662126
519,0.000227532202651401
520,0.000225690910744978
521,0.000225020058870287
522,0.000224317376672931
523,0.000223008891623394
524,0.000222249482478688
525,0.000221428580645793
526,0.000221269546634495
527,0.000220299690430479
528,0.000219595188526812
529,0.000218687462197267
530,0.000218093616534174
531,0.00021732599692562
532,0.000215319124955819
533,0.000214403464157467
534,0.000214067564497104
535,0.000212802930461828
536,0.000212622213785357
537,0.00021156748487103
538,0.00021008969987938
539,0.000209415504746759
540,0.000208857460945937
541,0.000208064864660851
542,0.000207724381664652
543,0.000206870046181522
544,0.000206408885118489
545,0.000205405256282699
546,0.000204593977840749
547,0.000204006256513451
548,0.000203184464267729
549,0.00020216194221152
550,0.000201449355042909
551,0.000201047586585217
552,0.000200052010423148
553,0.000198670553103568
554,0.000198163659890186
555,0.000197605876121795
556,0.000196665540287906
557,0.000196049032960416
558,0.00019500766616395
559,0.000194419933997781
560,0.000193681643629115
561,0.000192921670812341
562,0.000191528113920514
563,0.000191255067911178
564,0.000190522718877677
565,0.000189562698032141
566,0.000188847250778633
567,0.000187722128104085
568,0.000187551913461897
569,0.000187073755159853
570,0.000186571662884728
571,0.000186164147786157
572,0.000184966885871027
573,0.0001844331720707
574,0.000184058450745477
575,0.000182848612114234
576,0.000182068048513492
577,0.00018204733800259
578,0.000181656284222546
579,0.000180569740245547
580,0.000180329690120328
581,0.000179460640737847
582,0.000178676332735863
583,0.000177854304254314
584,0.000177435328529745
585,0.000176297083529303
586,0.000175521082718022
587,0.00017537971620656
588,0.000175044287203266
589,0.000174165573679332
590,0.000173546416056518
591,0.000172701243399194
592,0.000171853358621655
593,0.000171298734395199
594,0.000170946728473788
595,0.000170251227112394
596,0.000170213119838053
597,0.000169782098597812
598,0.000169110424425687
599,0.00016850684704464
600,0.000167751556054541
601,0.000167392520796603
602,0.000166143158861192
603,0.000166062919805437
604,0.000164967496647125
605,0.000164267018019276
606,0.000163958458348905
607,0.000163601498915383
608,0.000162165148391164
609,0.000162027697120331
610,0.000161171765820506
611,0.000160742407338247
612,0.000159765216153689
613,0.000159245356348987
614,0.000158490676206214
615,0.000157900169988101
616,0.000157866304198444
617,0.000157376267684108
618,0.000156774308101449
619,0.00015640829041489
620,0.000155383145740689
621,0.000154592499276135
622,0.000153902397043809
623,0.000153356893910596
624,0.000153203803829377
625,0.000152627996387912
626,0.000152345393351102
627,0.000151603919400243
628,0.000151227887924543
629,0.000150709965215811
630,0.00015021537888807
631,0.000149752426687673
632,0.000148888964003269
633,0.000148677651268769
634,0.000148009400686737
635,0.000146964757754277
636,0.00014583880596868
637,0.000145391542800476
638,0.00014505770611373
639,0.000144825929512188
640,0.000144427404142765
641,0.000144154717689623
642,0.000143699561741514
643,0.000142886987134936
644,0.000142194987410391
645,0.000142133311949623
646,0.000141766909266669
647,0.000140977574005559
648,0.000140403858899224
649,0.000139875091393443
650,0.000138532845643841
651,0.000138421719015016
652,0.000137945121317273
653,0.000137771117866543
654,0.000137623762962037
655,0.000136895399596581
656,0.000136706949394032
657,0.000136297701719977
658,0.000135486408991747
659,0.00013500512569878
660,0.000134659390878092
661,0.00013398663536005
662,0.000133546187450265
663,0.000133221666446543
664,0.000132467686991888
665,0.000132365835234264
666,0.000132008605487805
667,0.000131589822920146
668,0.000130727404571211
669,0.000130641133374527
670,0.0001304654488922
671,0.000129420704510709
672,0.000128728397195635
673,0.000128707891796346
674,0.000128192912532877
675,0.000127593106747332
676,0.000126929501503857
677,0.000126405029278891
678,0.000125763259828268
679,0.000125568049639782
680,0.000125255211900732
681,0.000124928236164826
682,0.000124664855949813
683,0.000124032988737392
684,0.000123828598801277
685,0.000123234654647991
686,0.000122832152432891
687,0.000122150795435468
688,0.000121560550403147
689,0.000121129158218489
690,0.000120661655222965
691,0.000120435270012089
692,0.000119766334473536
693,0.000119365282933294
694,0.000118981080681394
695,0.000118644148770873
696,0.00011797622567636
697,0.000117309855387986
698,0.000117237947651124
699,0.000116886251222006
700,0.000116453819563021
701,0.000116236341817949
702,0.000115528406929247
703,0.000115407166984911
704,0.000114967869351619
705,0.000114812428807722
706,0.000114367648952956
707,0.000113633172990131
708,0.000113369817917499
709,0.000113222692583361
710,0.000113037702387929
711,0.000112448443346628
712,0.00011220074995476
713,0.000112043858243799
714,0.000111686720681603
715,0.00011129500651705
716,0.000110711164880011
717,0.000109832600011808
718,0.000109600939530501
719,0.000109356917297311
720,0.000108902437285581
721,0.000108416707874528
722,0.00010822936977817
723,0.000107784965875707
724,0.000107207094899773
725,0.000106842248052859
726,0.00010674075056522
727,0.000106475179621462
728,0.000105799525067644
729,0.000105381410748168
730,0.000105182707700951
731,0.000104873858276636
732,0.00010449164326606
733,0.000103466919274884
734,0.000103259710717042
735,0.000102817343851553
736,0.000102429342389256
737,0.000102152646568545
738,0.000102061415345339
739,0.000101834543628914
740,0.000101403713679951
741,0.000101261645878466
742,0.000100823918506257
743,0.000100454079173113
744,9.97636231548422e-05
745,9.95193690200948e-05
746,9.94642809712729e-05
747,9.87524203629125e-05
748,9.83675126156905e-05
749,9.81051092925886e-05
750,9.79875780887113e-05
751,9.7952180886978e-05
752,9.74023133438224e-05
753,9.69609111702035e-05
754,9.65341943900822e-05
755,9.64099696910697e-05
756,9.5913695998366e-05
757,9.56309833883649e-05
758,9.54076329530411e-05
759,9.4982159709568e-05
760,9.4609389246745e-05
761,9.4358695755507e-05
762,9.40653898937193e-05
763,9.36896226986657e-05
764,9.3042250659408e-05
765,9.28943449408156e-05
766,9.25415461334204e-05
767,9.21427161869386e-05
768,9.1683952266801e-05
769,9.1576456289902e-05
770,9.13654356358437e-05
771,9.11982628143073e-05
772,9.06655771193493e-05
773,9.05236712882189e-05
774,9.02057691598914e-05
775,8.9904103329206e-05
776,8.9271513943911e-05
777,8.91133594046154e-05
778,8.87123594796258e-05
779,8.86159502195531e-05
780,8.80326343139085e-05
781,8.77004406764151e-05
782,8.73776678807283e-05
783,8.72015623327749e-05
784,8.69214853465872e-05
785,8.65948332615623e-05
786,8.63769473746076e-05
787,8.62758281360992e-05
788,8.58316216520278e-05
789,8.5580174132424e-05
790,8.52720896501728e-05
791,8.49554557829405e-05
792,8.48132212491659e-05
793,8.45586712915236e-05
794,8.40237988880465e-05
795,8.36968802528266e-05
796,8.34625261233436e-05
797,8.31344793300035e-05
798,8.30293224677291e-05
799,8.26948169781808e-05
800,8.25890992351557e-05
801,8.22905887304517e-05
802,8.20672150554077e-05
803,8.15510930591911e-05
804,8.15162344829188e-05
805,8.11709850645096e-05
806,8.06597570970607e-05
807,8.03778493750172e-05
808,7.99589960024616e-05
809,7.95866576379064e-05
810,7.95262433994598e-05
811,7.91659301732689e-05
812,7.87893228868036e-05
813,7.87307857094162e-05
814,7.82396880311484e-05
815,7.81101564936159e-05
816,7.76844512825032e-05
817,7.72293416820641e-05
818,7.70421012712009e-05
819,7.6970698276256e-05
820,7.67195532723181e-05
821,7.66495791430586e-05
822,7.6464591159193e-05
823,7.62252563063222e-05
824,7.59731841565245e-05
825,7.58727894158221e-05
826,7.574224552491e-05
827,7.51728763510559e-05
828,7.50943958962161e-05
829,7.4838776798711e-05
830,7.43142664929872e-05
831,7.4088384668595e-05
832,7.40093423431424e-05
833,7.35662460005788e-05
834,7.32326514329413e-05
835,7.28132072442998e-05
836,7.27807310373477e-05
837,7.22943019477176e-05
838,7.22068533867792e-05
839,7.1851201047551e-05
840,7.17149123640162e-05
841,7.15405310220816e-05
842,7.12353953459551e-05
843,7.09818281798444e-05
844,7.09289520847001e-05
845,7.05765392381174e-05
846,7.02501730337572e-05
847,6.99127563304083e-05
848,6.9692163178055e-05
849,6.96314898604954e-05
850,6.93344565037441e-05
851,6.91852173515174e-05
852,6.88161365664636e-05
853,6.85302855520586e-05
854,6.84747676624146e-05
855,6.79222842497312e-05
856,6.77115326676564e-05
857,6.76380328000301e-05
858,6.74333835589244e-05
859,6.71401473244066e-05
860,6.69954798196956e-05
861,6.68030321012035e-05
862,6.67267609762943e-05
863,6.61183551276561e-05
864,6.5964650444928e-05
865,6.59364510836063e-05
866,6.55550678206137e-05
867,6.53030404836406e-05
868,6.52365269416238e-05
869,6.50459889681941e-05
870,6.47737529883723e-05
871,6.44197441869935e-05
872,6.43141358897076e-05
873,6.42201138513498e-05
874,6.37778793243886e-05
875,6.35578325341392e-05
876,6.34037428590798e-05
877,6.33124934307371e-05
878,6.32169896987097e-05
879,6.26946529632397e-05
880,6.26639727846188e-05
881,6.22758744367697e-05
882,6.2068112997311e-05
883,6.1893752650191e-05
884,6.16652868410153e-05
885,6.13574130037613e-05
886,6.11871147045241e-05
887,6.10084933416935e-05
888,6.08227220891457e-05
889,6.06174393622911e-05
890,6.04741409455382e-05
891,6.02995579110123e-05
892,6.01731411337595e-05
893,5.96738421879258e-05
894,5.95749625575132e-05
895,5.94815558160133e-05
896,5.93279156841475e-05
897,5.89712615028509e-05
898,5.85999239856566e-05
899,5.84592790955988e-05
900,5.83009359982743e-05
901,5.79870020097667e-05
902,5.78735068485008e-05
903,5.77339841679361e-05
904,5.74889794596153e-05
905,5.7200555992287e-05
906,5.71751151704671e-05
907,5.70827616565399e-05
908,5.69838435816915e-05
909,5.67987562250001e-05
910,5.65778044455114e-05
911,5.65320453329843e-05
912,5.62255546396828e-05
913,5.60301506877299e-05
914,5.58741302074517e-05
915,5.566883520819e-05
916,5.54940697224364e-05
917,5.52554909867398e-05
918,5.49926890573638e-05
919,5.45511600888081e-05
920,5.44067572792218e-05
921,5.42968394718837e-05
922,5.42054177155438e-05
923,5.39661561657533e-05
924,5.38174449937826e-05
925,5.36050058634627e-05
926,5.34049624848915e-05
927,5.3068697899767e-05
928,5.29611519624203e-05
929,5.28805115440711e-05
930,5.26521001436834e-05
931,5.25333954499184e-05
932,5.23272158042332e-05
933,5.21781367087146e-05
934,5.19187485596167e-05
935,5.17517495047919e-05
936,5.14951638517444e-05
937,5.14074687016583e-05
938,5.13427290817386e-05
939,5.10904098403906e-05
940,5.07631935078343e-05
941,5.05032689536841e-05
942,5.04824627951738e-05
943,5.03679125241489e-05
944,5.01388554400249e-05
945,4.98101096991035e-05
946,4.97192939052217e-05
947,4.94258316864487e-05
948,4.91203649384859e-05
949,4.88900809519276e-05
950,4.88239182778183e-05
951,4.87940271572721e-05
952,4.85772633847411e-05
953,4.83933031561067e-05
954,4.81613984045805e-05
955,4.80147018087823e-05
956,4.7893320020846e-05
957,4.76526158752289e-05
958,4.75733059954109e-05
959,4.74230999316441e-05
960,4.72360608130381e-05
961,4.71161323987059e-05
962,4.67796317312717e-05
963,4.6640445374983e-05
964,4.65363092822628e-05
965,4.62847397713889e-05
966,4.61600825366342e-05
967,4.58954390761357e-05
968,4.58614941007803e-05
969,4.56363877997218e-05
970,4.55110441702108e-05
971,4.54003378941414e-05
972,4.53445396817819e-05
973,4.51292193203712e-05
974,4.49820189178341e-05
975,4.48950642430293e-05
976,4.47981096343229e-05
977,4.43967281010196e-05
978,4.42445994658513e-05
979,4.40946262498844e-05
980,4.40319353588421e-05
981,4.38266152236517e-05
982,4.36293063123905e-05
983,4.35672414679261e-05
984,4.32825766739426e-05
985,4.32333010008742e-05
986,4.29384530033507e-05
987,4.27981842659077e-05
988,4.2685443471658e-05
989,4.2488991651146e-05
990,4.23347429176126e-05
991,4.22212296578624e-05
992,4.21257975892935e-05
993,4.19925006702548e-05
994,4.17920248867057e-05
995,4.16899880334436e-05
996,4.15616386565851e-05
997,4.14727360475121e-05
998,4.12153640209788e-05
999,4.11775285822193e-05
1000,4.09046602520506e-05
1001,4.08815378753004e-05
1002,4.06501206809803e-05
1003,4.05390060187734e-05
1004,4.03353464610906e-05
1005,4.0276489849519e-05
1006,4.00666193234924e-05
1007,3.98094854215374e-05
1008,3.97274284906315e-05
1009,3.95065573019021e-05
1010,3.94303085203715e-05
1011,3.92127741036485e-05
1012,3.90580759200389e-05
1013,3.88138416209943e-05
1014,3.87081785700587e-05
1015,3.85448145209803e-05
1016,3.84657419828676e-05
1017,3.83566774744625e-05
1018,3.81434660138467e-05
1019,3.79711470108674e-05
1020,3.78056362743561e-05
1021,3.76739715121563e-05
1022,3.76541757753965e-05
1023,3.74701582540148e-05
1024,3.74059418667931e-05
1025,3.73460711872244e-05
1026,3.71901180712221e-05
1027,3.71200476417045e-05
1028,3.69902316078921e-05
1029,3.67367824918666e-05
1030,3.66192355725439e-05
1031,3.63535017724313e-05
1032,3.62897015584887e-05
1033,3.59877167809969e-05
1034,3.59474636448171e-05
1035,3.59384999291072e-05
1036,3.58278451494256e-05
1037,3.56010582923537e-05
1038,3.55437663254002e-05
1039,3.54484703772408e-05
1040,3.5189703763928e-05
1041,3.50910952041227e-05
1042,3.50562388992586e-05
1043,3.50184582415407e-05
1044,3.47420646911336e-05
1045,3.46277789221302e-05
1046,3.45100311757858e-05
1047,3.43981714115514e-05
1048,3.42604440336881e-05
1049,3.41522432328463e-05
1050,3.39753723634281e-05
1051,3.3780990031334e-05
1052,3.36577564123256e-05
1053,3.35567707254574e-05
1054,3.34016800624968e-05
1055,3.33632523731041e-05
1056,3.3305881055192e-05
1057,3.31124836020615e-05
1058,3.3066867551089e-05
1059,3.29665780739828e-05
1060,3.2868264195981e-05
1061,3.28132232255416e-05
1062,3.26633622727429e-05
1063,3.24471633973951e-05
1064,3.22837030409841e-05
1065,3.22308839526804e-05
1066,3.20652205682256e-05
1067,3.19349469806845e-05
1068,3.17945059014412e-05
1069,3.17216775452401e-05
1070,3.1659928278512e-05
1071,3.16491541335262e-05
1072,3.14178162429665e-05
1073,3.13581488505907e-05
1074,3.12195278806878e-05
1075,3.10514905395377e-05
1076,3.09447979631956e-05
1077,3.08624667560894e-05
1078,3.08321802785781e-05
1079,3.07289808913585e-05
1080,3.04674358813547e-05
1081,3.03859258423062e-05
1082,3.03010633197196e-05
1083,3.0085068442724e-05
1084,2.99964100556428e-05
1085,2.99621961315099e-05
1086,2.98561501589174e-05
1087,2.97434746534741e-05
1088,2.97174983522441e-05
1089,2.95884485981687e-05
1090,2.95087744442201e-05
1091,2.94721650582835e-05
1092,2.92435321802446e-05
1093,2.92263813831608e-05
1094,2.8904078865916e-05
1095,2.88758797886157e-05
1096,2.8661315206242e-05
1097,2.86169587557797e-05
1098,2.85232052802317e-05
1099,2.83658997514325e-05
1100,2.82397562246837e-05
1101,2.81330086179331e-05
1102,2.80427272789995e-05
1103,2.79501833211734e-05
1104,2.78740646356315e-05
1105,2.77729980639036e-05
1106,2.76055092771533e-05
1107,2.75783547984624e-05
1108,2.7491582364125e-05
1109,2.72993896386918e-05
1110,2.71996700797833e-05
1111,2.71271685590469e-05
1112,2.70233860127285e-05
1113,2.69728212552515e-05
1114,2.68803969590051e-05
1115,2.67743084423283e-05
1116,2.66503120595987e-05
1117,2.65205635837738e-05
1118,2.64529197272709e-05
1119,2.63081678948447e-05
1120,2.61972416914318e-05
1121,2.60752445161761e-05
1122,2.58827641301935e-05
1123,2.58447962334411e-05
1124,2.58191085194121e-05
1125,2.56736578112221e-05
1126,2.55749902818615e-05
1127,2.54825332769695e-05
1128,2.5355491574033e-05
1129,2.53181833387129e-05
1130,2.51999649263117e-05
1131,2.51280233793678e-05
1132,2.50151220120769e-05
1133,2.49302798152299e-05
1134,2.48551233700724e-05
1135,2.47724385827453e-05
1136,2.46844927632564e-05
1137,2.4467312299027e-05
1138,2.44159584073626e-05
1139,2.41803744940784e-05
1140,2.41100723451558e-05
1141,2.40400279835181e-05
1142,2.39355297721233e-05
1143,2.38505770142025e-05
1144,2.37156380221558e-05
1145,2.36509791136608e-05
1146,2.36165796565118e-05
1147,2.3501877470387e-05
1148,2.34372216876919e-05
1149,2.33371257261465e-05
1150,2.33202033527137e-05
1151,2.32339787254807e-05
1152,2.3088277884125e-05
1153,2.30248345044635e-05
1154,2.29424817659879e-05
1155,2.28308854083309e-05
1156,2.27510064534104e-05
1157,2.26376376153427e-05
1158,2.252149604921e-05
1159,2.24350616725e-05
1160,2.22565337362796e-05
1161,2.21493258116239e-05
1162,2.21297967966579e-05
1163,2.19781207674211e-05
1164,2.192915276234e-05
1165,2.18735706059938e-05
1166,2.17889558547857e-05
1167,2.17176007934613e-05
1168,2.16137800169018e-05
1169,2.1600310503056e-05
1170,2.1436543389166e-05
1171,2.12546078221195e-05
1172,2.1238735395543e-05
1173,2.11934058276557e-05
1174,2.09611465280105e-05
1175,2.09089196465236e-05
1176,2.08145641707174e-05
1177,2.07779912902535e-05
1178,2.06585985622537e-05
1179,2.06126916944338e-05
1180,2.05154776212082e-05
1181,2.04261756260074e-05
1182,2.03108023916602e-05
1183,2.02022528156461e-05
1184,2.01292574585131e-05
1185,2.00833082846815e-05
1186,2.0003458300223e-05
1187,1.99167827211073e-05
1188,1.98640788459938e-05
1189,1.9751418382103e-05
1190,1.97073786176394e-05
1191,1.95569346727535e-05
1192,1.94610380600167e-05
1193,1.93943657875411e-05
1194,1.93197740173736e-05
1195,1.9221742598336e-05
1196,1.91381499724907e-05
1197,1.89765539138617e-05
1198,1.8948392807686e-05
1199,1.88456536339642e-05
1200,1.87543271017918e-05
1201,1.86871662617396e-05
1202,1.85720716565746e-05
1203,1.84688897371452e-05
1204,1.84282452835815e-05
1205,1.83773658941989e-05
1206,1.83065761828353e-05
1207,1.81797662511617e-05
1208,1.81276061853501e-05
1209,1.80191704381398e-05
1210,1.78994462249076e-05
1211,1.78555857745186e-05
1212,1.77361067524541e-05
1213,1.76904402355726e-05
1214,1.76155832876401e-05
1215,1.75608243815154e-05
1216,1.74228508453946e-05
1217,1.73565839801226e-05
1218,1.73359832458744e-05
1219,1.72979565105125e-05
1220,1.72692906850579e-05
1221,1.71036965554693e-05
1222,1.69934289957089e-05
1223,1.69049431560814e-05
1224,1.69037620388157e-05
1225,1.68166579101623e-05
1226,1.66910070186918e-05
1227,1.66207256173134e-05
1228,1.65648253727277e-05
1229,1.65226322369342e-05
1230,1.63908092602924e-05
1231,1.63309818727046e-05
1232,1.62254471142355e-05
1233,1.62011630905578e-05
1234,1.60694238503529e-05
1235,1.59616112723925e-05
1236,1.59249714568248e-05
1237,1.58484702311663e-05
1238,1.58243458662306e-05
1239,1.57900964377725e-05
1240,1.57128374426208e-05
1241,1.56508109825797e-05
1242,1.55079667402124e-05
1243,1.54164658089164e-05
1244,1.53389520737096e-05
1245,1.53242004248938e-05
1246,1.52966494809839e-05
1247,1.52168803213526e-05
1248,1.51599230050253e-05
1249,1.50766865990178e-05
1250,1.49972477408517e-05
1251,1.48871566741982e-05
1252,1.48562636113538e-05
1253,1.48353334197172e-05
1254,1.46475593080587e-05
1255,1.45629567686535e-05
1256,1.4495006156414e-05
1257,1.44387271643115e-05
1258,1.44061507231253e-05
1259,1.43267978566313e-05
1260,1.42159974758732e-05
1261,1.41599689985751e-05
1262,1.40848702137081e-05
1263,1.40507885052999e-05
1264,1.40010977881264e-05
1265,1.38538012093761e-05
1266,1.3805912467411e-05
1267,1.36845638344302e-05
1268,1.3643085638346e-05
1269,1.35316073108412e-05
1270,1.35177310325812e-05
1271,1.33813892935801e-05
1272,1.3339141732948e-05
1273,1.32462675836968e-05
1274,1.32269038688012e-05
1275,1.31108353380687e-05
1276,1.30458099466688e-05
1277,1.29986073750761e-05
1278,1.29407310567604e-05
1279,1.28775580768976e-05
1280,1.27554113102889e-05
1281,1.26844160392547e-05
1282,1.26285406828496e-05
1283,1.25786890456547e-05
1284,1.24887577737071e-05
1285,1.24074689094002e-05
1286,1.23905832275067e-05
1287,1.23085014478702e-05
1288,1.21839567329763e-05
1289,1.2111973502317e-05
1290,1.2055835312667e-05
1291,1.200482722535e-05
1292,1.19593179892906e-05
1293,1.18571918054985e-05
1294,1.17773655707494e-05
1295,1.17280109098923e-05
1296,1.16933290052697e-05
1297,1.16605866780229e-05
1298,1.15386588826563e-05
1299,1.14719570349023e-05
1300,1.14447576716502e-05
1301,1.14045538317503e-05
1302,1.13405892332874e-05
1303,1.13032333219864e-05
1304,1.11633753193773e-05
1305,1.1092492476928e-05
1306,1.10609333306846e-05
1307,1.10352308384299e-05
1308,1.09075560283042e-05
1309,1.08121673077587e-05
1310,1.07755273207484e-05
1311,1.075930953865e-05
1312,1.06816793284191e-05
1313,1.06703863600479e-05
1314,1.06029059330465e-05
1315,1.04551169645689e-05
1316,1.04368125358651e-05
1317,1.04027554563555e-05
1318,1.03620031930362e-05
1319,1.03408578928273e-05
1320,1.02429180533385e-05
1321,1.01486613408469e-05
1322,1.00915138302905e-05
1323,9.99894009581439e-06
1324,9.8974004778621e-06
1325,9.81799992779261e-06
1326,9.79531375147579e-06
1327,9.70661917439128e-06
1328,9.69243013973977e-06
1329,9.62400528114655e-06
1330,9.56508926730825e-06
1331,9.55635431278751e-06
1332,9.47288738091167e-06
1333,9.40983305313343e-06
1334,9.33103549386261e-06
1335,9.32898228462856e-06
1336,9.26699435866375e-06
1337,9.22089924695708e-06
1338,9.0993377360294e-06
1339,9.06544005542924e-06
1340,8.98057087194819e-06
1341,8.89837813556966e-06
1342,8.83109043863924e-06
1343,8.78903022531232e-06
1344,8.7185592226077e-06
1345,8.63891216578113e-06
1346,8.53973509339973e-06
1347,8.50327863334931e-06
1348,8.40492422344919e-06
1349,8.38534448694212e-06
1350,8.31291398116259e-06
1351,8.20701079575379e-06
1352,8.15964923019312e-06
1353,8.09283822675228e-06
1354,8.04750841468498e-06
1355,7.9915103692897e-06
1356,7.96554948018399e-06
1357,7.8824399426552e-06
1358,7.79402048511464e-06
1359,7.71037887996429e-06
1360,7.64996281348224e-06
1361,7.56408320479046e-06
1362,7.52914562610625e-06
1363,7.46354678631517e-06
1364,7.38644652063456e-06
1365,7.33808294781655e-06
1366,7.21464234661633e-06
1367,7.19925344721742e-06
1368,7.1819406587727e-06
1369,7.14222409213372e-06
1370,7.03766513287985e-06
1371,6.92576196907161e-06
1372,6.86695063690108e-06
1373,6.78983622099911e-06
1374,6.60495465671362e-06
1375,6.57011277262004e-06
1376,6.50698814988761e-06
1377,6.43313447636739e-06
1378,6.41087939229243e-06
1379,6.3745500429398e-06
1380,6.30329189280705e-06
1381,6.26093190434734e-06
1382,6.16097364102896e-06
1383,6.07904090249023e-06
1384,5.98892640041159e-06
1385,5.83095982032016e-06
1386,5.80131671974376e-06
1387,5.7042681327872e-06
1388,5.66839606089376e-06
1389,1.12957918702788e-14
1390,1.04203971935042e-14
1391,8.3413245740363e-15
1392,5.67322379484067e-15
1393,5.21638777776334e-15
1394,4.88823990454535e-15
1395,4.46456787168525e-15
1396,3.89268982338561e-15
1397,3.31653039807216e-15
1398,2.79176518007857e-15
1399,2.02183420761356e-15
1400,1.4065396018446e-15
1401,6.93678461024173e-16
1402,5.68456139648377e-16
1403,5.61935172264609e-16
1404,4.23421271453231e-16
1405,3.66075462565358e-16
1406,3.48580946329071e-16
1407,3.27660309420988e-16
1408,3.27466154031843e-16
1409,2.67748678269506e-16
1410,2.20037541914774e-16
1411,1.93767887569792e-16
1412,1.762247271189e-16
1413,1.66034319363107e-16
1414,1.61557489396304e-16
1415,1.60921721312981e-16
1416,1.38850034721344e-16
1417,1.33004980443236e-16
1418,1.20581648506393e-16
1419,1.17101649743486e-16
1420,1.16657686426829e-16
1421,1.07421380727997e-16
1422,1.05596474980417e-16
1423,1.01393231349583e-16
1424,1.00876183277501e-16
1425,9.63524126146813e-17
1426,9.38320390089102e-17
1427,9.20623962270922e-17
1428,9.20595854837033e-17
1429,9.13221366612788e-17
1430,9.09056733547327e-17
1431,9.08149435928265e-17
1432,8.9372166613308e-17
1433,8.85536802151223e-17
1434,8.61680892736858e-17
1435,8.57017314511455e-17
1436,8.40109591172695e-17
1437,8.25071241362522e-17
1438,8.13430150764827e-17
1439,8.00117965692271e-17
1440,7.90733978345757e-17
1441,7.50866521109998e-17
1442,7.3993909665803e-17
1443,7.366923631773e-17
1444,7.35975523573135e-17
1445,7.33203231306503e-17
1446,7.2979642269579e-17
1447,7.26325336424682e-17
1448,7.16357249958179e-17
1449,7.14634542028782e-17
1450,6.97863872370909e-17
1451,6.92309281293507e-17
1452,6.87722653736832e-17
1453,6.79695263384006e-17
1454,6.75992489121843e-17
1455,6.70949494278561e-17
1456,6.68809344615002e-17
1457,6.58412042073496e-17
1458,6.5524490006118e-17
1459,6.5497269548386e-17
1460,6.50823946853599e-17
1461,6.46177287572961e-17
1462,6.44293028186804e-17
1463,6.44205652043504e-17
1464,6.38550262594939e-17
1465,6.34008380214064e-17
1466,6.29644552371551e-17
1467,6.29353069875146e-17
1468,6.26018986151627e-17
1469,6.23718588098655e-17
1470,6.23046002377356e-17
1471,6.15930765685759e-17
1472,6.15927474309046e-17
1473,6.15526198694258e-17
1474,6.14816345276144e-17
1475,5.93148062625479e-17
1476,5.87979251071646e-17
1477,5.79809196744868e-17
1478,5.77800721219386e-17
1479,5.69794425198773e-17
1480,5.68597444641802e-17
1481,5.61832312758528e-17
1482,5.61625575667473e-17
1483,5.61297053237772e-17
1484,5.57484324974746e-17
1485,5.55466138410281e-17
1486,5.551846292131e-17
1487,5.54239357427069e-17
1488,5.50452568386659e-17
1489,5.47394624051458e-17
1490,5.470186453745e-17
1491,5.42126379369556e-17
1492,5.38647376732061e-17
1493,5.37298748755161e-17
1494,5.34249582880313e-17
1495,5.3233380745665e-17
1496,5.28062626804533e-17
1497,5.27498542472314e-17
1498,5.17669520448268e-17
1499,5.17273801861288e-17
1500,5.14266717349931e-17
1501,5.11663241902357e-17
1502,5.07081071710991e-17
1503,4.96502980435477e-17
1504,4.94570251298117e-17
1505,4.89765303590383e-17
1506,4.88974628134159e-17
1507,4.85374506454268e-17
1508,4.85040878056815e-17
1509,4.8216545073195e-17
1510,4.79570766032012e-17
1511,4.77647745217297e-17
1512,4.7213871607844e-17
1513,4.72101173440071e-17
1514,4.68777008456725e-17
1515,4.67282220843705e-17
1516,4.62107451082451e-17
1517,4.61550040872203e-17
1518,4.61127173516004e-17
1519,4.56576510571984e-17
1520,4.50225849346432e-17
1521,4.45884222332947e-17
1522,4.45050100546883e-17
1523,4.43207937595826e-17
1524,4.42572459839615e-17
1525,4.41800242933696e-17
1526,4.4091424370921e-17
1527,4.40496530036809e-17
1528,4.39672284839918e-17
1529,4.37958832376404e-17
1530,4.30683660294836e-17
1531,4.30295370629148e-17
1532,4.2815997702256e-17
1533,4.28021670352861e-17
1534,4.19885429023695e-17
1535,4.16651139836878e-17
1536,4.139543668861e-17
1537,4.12396151745925e-17
1538,4.11227725629311e-17
1539,4.10986869761425e-17
1540,4.06492673650619e-17
1541,4.05669636270669e-17
1542,4.02751389254687e-17
1543,3.97932376971112e-17
1544,3.97919656437431e-17
1545,3.96472867760975e-17
1546,3.95436696555109e-17
1547,3.94002252800624e-17
1548,3.93486255647935e-17
1549,3.9285693892184e-17
1550,3.90306910831031e-17
1551,3.88227897413693e-17
1552,3.86277799608789e-17
1553,3.86114712528029e-17
1554,3.85042301441938e-17
1555,3.84528414712335e-17
1556,3.8227554731278e-17
1557,3.81989017929292e-17
1558,3.80920396525365e-17
1559,3.79922008793967e-17
1560,3.79650161574498e-17
1561,3.79524097900372e-17
1562,3.78612121548866e-17
1563,3.78527527071639e-17
1564,3.75843459152437e-17
1565,3.74448553439561e-17
1566,3.68578755518175e-17
1567,3.67457239980643e-17
1568,3.66601410567631e-17
1569,3.64916048934906e-17
1570,3.64402505412357e-17
1571,3.63912449046781e-17
1572,3.63224476408432e-17
1573,3.62705135482728e-17
1574,3.62619490198196e-17
1575,3.62018579372152e-17
1576,3.61830008861525e-17
1577,3.61524067812367e-17
1578,3.61038467975872e-17
1579,3.59629520618937e-17
1580,3.59387078351296e-17
1581,3.58834136569361e-17
1582,3.54329275739755e-17
1583,3.47587525755209e-17
1584,3.47058937638944e-17
1585,3.46376140069021e-17
1586,3.4551041308014e-17
1587,3.45076270037617e-17
1588,3.42568086440953e-17
1589,3.41467969389253e-17
1590,3.38820864230381e-17
1591,3.38438690149975e-17
1592,3.38371768412609e-17
1593,3.38325681771926e-17
1594,3.3540691166618e-17
1595,3.34363734337942e-17
1596,3.33645920550431e-17
1597,3.33288538034292e-17
1598,3.33133214458407e-17
1599,3.32516030271025e-17
1600,3.2812959486022e-17
1601,3.28059213889687e-17
1602,3.25339901454501e-17
1603,3.23025212003474e-17
1604,3.22577210268021e-17
1605,3.21579710668349e-17
1606,3.19725172573923e-17
1607,3.19606797556956e-17
1608,3.19255805442924e-17
1609,3.18342224765541e-17
1610,3.16804998324629e-17
1611,3.14954087057948e-17
1612,3.14595182312439e-17
1613,3.12082790603125e-17
1614,3.10649535350095e-17
1615,3.10324601511832e-17
1616,3.08388244443248e-17
1617,3.07192759290718e-17
1618,3.0654361603704e-17
1619,3.06121647159588e-17
1620,3.04992388632781e-17
1621,3.02909339962563e-17
1622,3.00980588221048e-17
1623,3.00677915809089e-17
1624,3.00248097742674e-17
1625,2.98239330355582e-17
1626,2.97329795428408e-17
1627,2.96930179543306e-17
1628,2.96004976442261e-17
1629,2.94693200090751e-17
1630,2.94192058852511e-17
1631,2.93617539381309e-17
1632,2.92864495127011e-17
1633,2.92602891157448e-17
1634,2.92194415620468e-17
1635,2.9188231248932e-17
1636,2.91750132501834e-17
1637,2.91153185790657e-17
1638,2.91075015310276e-17
1639,2.87106189594377e-17
1640,2.86018798704415e-17
1641,2.83633590765882e-17
1642,2.82636285622022e-17
1643,2.81345683187928e-17
1644,2.81142303508961e-17
1645,2.80952221461978e-17
1646,2.80951266147667e-17
1647,2.8074413618246e-17
1648,2.80494233160039e-17
1649,2.804217096563e-17
1650,2.80166120317618e-17
1651,2.8012531909974e-17
1652,2.80040148475998e-17
1653,2.78918358644889e-17
1654,2.77043970377133e-17
1655,2.76717304013946e-17
1656,2.76613819548758e-17
1657,2.76504596809572e-17
1658,2.76374856025581e-17
1659,2.76036927081583e-17
1660,2.74945628776811e-17
1661,2.74779259612861e-17
1662,2.74224471553602e-17
1663,2.73919233596512e-17
1664,2.73851374409585e-17
1665,2.73441618080829e-17
1666,2.73314217419668e-17
1667,2.72450573496683e-17
1668,2.72096569496936e-17
1669,2.71981346621673e-17
1670,2.70426459821946e-17
1671,2.70059008392956e-17
1672,2.69548338804736e-17
1673,2.68699918510361e-17
1674,2.67890256338677e-17
1675,2.67816184752425e-17
1676,2.66887127543198e-17
1677,2.66621898784141e-17
1678,2.66179942838676e-17
1679,2.65777410093282e-17
1680,2.62016204091145e-17
1681,2.60696442024147e-17
1682,2.60067819897634e-17
1683,2.59799410793047e-17
1684,2.59726767939621e-17
1685,2.59358176999507e-17
1686,2.58442952085198e-17
1687,2.57584958030755e-17
1688,2.56389609156563e-17
1689,2.55817522832848e-17
1690,2.55418804061012e-17
1691,2.55386041615309e-17
1692,2.55284717232244e-17
1693,2.55039522339065e-17
1694,2.53287000732722e-17
1695,2.52820820751514e-17
1696,2.51255274142013e-17
1697,2.50956878652585e-17
1698,2.5079923958592e-17
1699,2.50513960386244e-17
1700,2.50419537388177e-17
1701,2.48951133653292e-17
1702,2.48547973693803e-17
1703,2.473945529722e-17
1704,2.46720064379849e-17
1705,2.46154524604822e-17
1706,2.43566310128264e-17
1707,2.43192989523481e-17
1708,2.42679892753697e-17
1709,2.42649723479727e-17
1710,2.42260318785976e-17
1711,2.42172528048136e-17
1712,2.41733612973029e-17
1713,2.41628356974875e-17
1714,2.41375858721908e-17
1715,2.40059824474026e-17
1716,2.40025965799095e-17
1717,2.38819925775649e-17
1718,2.36322002359632e-17
1719,2.36273874363721e-17
1720,2.35200757429317e-17
1721,2.34263733095875e-17
1722,2.33870680295305e-17
1723,2.32746413303474e-17
1724,2.32341873054194e-17
1725,2.310463632969e-17
1726,2.30496427646948e-17
1727,2.30141077116931e-17
1728,2.29734852328618e-17
1729,2.29670585954581e-17
1730,2.29228039138982e-17
1731,2.29092020987228e-17
1732,2.28904557831875e-17
1733,2.28701282185149e-17
1734,2.28392449561754e-17
1735,2.28324386919887e-17
1736,2.27042624174705e-17
1737,2.26490793109112e-17
1738,2.26315249378177e-17
1739,2.25302265298337e-17
1740,2.25019636431433e-17
1741,2.24631889569352e-17
1742,2.23222052981418e-17
1743,2.21563948791858e-17
1744,2.20525313617037e-17
1745,2.19127034898914e-17
1746,2.18864955065405e-17
1747,2.18439809416478e-17
1748,2.18151812654646e-17
1749,2.17025967246999e-17
1750,2.14232118588677e-17
1751,2.12845973898769e-17
1752,2.10510730224026e-17
1753,2.09972147286337e-17
1754,2.08726770813225e-17
1755,2.08645105806984e-17
1756,2.0862041796434e-17
1757,2.08030087638809e-17
1758,2.07150149488146e-17
1759,2.06456764645531e-17
1760,2.06195610305696e-17
1761,2.05398735230787e-17
1762,2.05179473925858e-17
1763,2.03444157493877e-17
1764,2.03312731811464e-17
1765,2.03023801090103e-17
1766,2.02036677014662e-17
1767,2.01445914773615e-17
1768,2.01354723634386e-17
1769,2.01172392370506e-17
1770,2.00832032774983e-17
1771,2.00356917314235e-17
1772,2.00351712839457e-17
1773,2.00316336738768e-17
1774,2.00251364962651e-17
1775,1.99829076544469e-17
1776,1.99525351839848e-17
1777,1.98578229253095e-17
1778,1.98252175125358e-17
1779,1.98162190965181e-17
1780,1.98082110222514e-17
1781,1.97170545763973e-17
1782,1.96566859503786e-17
1783,1.95878740769603e-17
1784,1.94590823468074e-17
1785,1.94390193551622e-17
1786,1.94270562732503e-17
1787,1.9377319129394e-17
1788,1.93751044863183e-17
1789,1.92617193665343e-17
1790,1.92142997110468e-17
1791,1.92093162287419e-17
1792,1.91974173020678e-17
1793,1.91672794208547e-17
1794,1.9166895317205e-17
1795,1.91523852245574e-17
1796,1.91369169571539e-17
1797,1.90497380598808e-17
1798,1.89972862244384e-17
1799,1.88767160297885e-17
1800,1.88634927858496e-17
1801,1.87911937169853e-17
1802,1.87742610752979e-17
1803,1.87648707578395e-17
1804,1.86896830238112e-17
1805,1.86429601358952e-17
1806,1.86172620334244e-17
1807,1.85718419745807e-17
1808,1.84843434610823e-17
1809,1.84536964603848e-17
1810,1.84489874296617e-17
1811,1.84459645643834e-17
1812,1.84300100604071e-17
1813,1.8406835158789e-17
1814,1.837894162661e-17
1815,1.83580173621901e-17
1816,1.82256619577726e-17
1817,1.81495302995573e-17
1818,1.80833272665812e-17
1819,1.80189690594806e-17
1820,1.79956044008649e-17
1821,1.79776626544096e-17
1822,1.79740843577664e-17
1823,1.78312849319024e-17
1824,1.7829470459371e-17
1825,1.78213090395524e-17
1826,1.77822002103136e-17
1827,1.7752678437566e-17
1828,1.77502764697692e-17
1829,1.77331248726128e-17
1830,1.76314932248298e-17
1831,1.76293854671862e-17
1832,1.7565982575471e-17
1833,1.74877566285541e-17
1834,1.74335515782038e-17
1835,1.7373952030306e-17
1836,1.73630243420896e-17
1837,1.73464999750757e-17
1838,1.73389123712512e-17
1839,1.72675393217951e-17
1840,1.72478003316841e-17
1841,1.72380790457049e-17
1842,1.714299152465e-17
1843,1.69961917916335e-17
1844,1.69599654794688e-17
1845,1.69582093336626e-17
1846,1.69242910526174e-17
1847,1.68879419498078e-17
1848,1.68318095586601e-17
1849,1.67603856723253e-17
1850,1.67423120004708e-17
1851,1.67343946620842e-17
1852,1.66803678486744e-17
1853,1.66485598480968e-17
1854,1.63751510733307e-17
1855,1.63685558178944e-17
1856,1.61977675181143e-17
1857,1.61923679847887e-17
1858,1.61914351903708e-17
1859,1.61861923940603e-17
1860,1.60936432368784e-17
1861,1.59857844737802e-17
1862,1.59767780375312e-17
1863,1.58280944903391e-17
1864,1.58261424216221e-17
1865,1.5724926025874e-17
1866,1.56853712901177e-17
1867,1.56415081038326e-17
1868,1.55744972296323e-17
1869,1.55141605226424e-17
1870,1.54817290036218e-17
1871,1.54467638606516e-17
1872,1.5438372951683e-17
1873,1.54296280884369e-17
1874,1.53327760557928e-17
1875,1.5301436095136e-17
1876,1.52705117043999e-17
1877,1.52396755183075e-17
1878,1.52330904556956e-17
1879,1.52314991163052e-17
1880,1.51828262658235e-17
1881,1.51350143523408e-17
1882,1.50772137928989e-17
1883,1.49938400315423e-17
1884,1.49217350681025e-17
1885,1.48810446040136e-17
1886,1.47602750313431e-17
1887,1.47206235399817e-17
1888,1.46658324613692e-17
1889,1.46203929968724e-17
1890,1.46083091658057e-17
1891,1.45585894924508e-17
1892,1.45581250867621e-17
1893,1.45497002222974e-17
1894,1.45203201827076e-17
1895,1.45004439871378e-17
1896,1.44439603697269e-17
1897,1.4413035898111e-17
1898,1.43465143818731e-17
1899,1.41152276106014e-17
1900,1.39501920487405e-17
1901,1.38809061795262e-17
1902,1.38348357779945e-17
1903,1.37846403580082e-17
1904,1.3755956606168e-17
1905,1.37148423404324e-17
1906,1.37067096623617e-17
1907,1.3696012924123e-17
1908,1.36839644762388e-17
1909,1.36547952435655e-17
1910,1.36314043507834e-17
1911,1.35989785004349e-17
1912,1.35731949630784e-17
1913,1.35327492595388e-17
1914,1.34440556406869e-17
1915,1.33117192085102e-17
1916,1.32909965281363e-17
1917,1.32780070441599e-17
1918,1.32627852439522e-17
1919,1.32085364673876e-17
1920,1.32028644936804e-17
1921,1.31749018980288e-17
1922,1.3164715475877e-17
1923,1.30827041986504e-17
1924,1.30519727118253e-17
1925,1.30149020188896e-17
1926,1.29859493634995e-17
1927,1.29849605055872e-17
1928,1.295785810794e-17
1929,1.29402993605245e-17
1930,1.29042475089378e-17
1931,1.28315349135559e-17
1932,1.26561268330706e-17
1933,1.26473475928472e-17
1934,1.25259715946462e-17
1935,1.23757422655361e-17
1936,1.23567606091665e-17
1937,1.22723093091355e-17
1938,1.21737613637647e-17
1939,1.21601131169029e-17
1940,1.21363554579439e-17
1941,1.21097455990892e-17
1942,1.20838094474524e-17
1943,1.2081829997233e-17
1944,1.20708916536095e-17
1945,1.20556251591758e-17
1946,1.20207876822955e-17
1947,1.20140366472369e-17
1948,1.19793808807727e-17
1949,1.18540856702358e-17
1950,1.17192989301615e-17
1951,1.17139622152108e-17
1952,1.1683614568407e-17
1953,1.16663971553595e-17
1954,1.14807418586629e-17
1955,1.14553959204855e-17
1956,1.13361458914884e-17
1957,1.13348400507401e-17
1958,1.12811278743905e-17
1959,1.12522881803324e-17
1960,1.11158628297183e-17
1961,1.11113628699671e-17
1962,1.10583978681617e-17
1963,1.10450097655904e-17
1964,1.10063528778733e-17
1965,1.09689085510293e-17
1966,1.08990095982769e-17
1967,1.08512247276004e-17
1968,1.08177029366856e-17
1969,1.08157110484314e-17
1970,1.06024909597251e-17
1971,1.05105206435457e-17
1972,1.05102463101727e-17
1973,1.04815891071393e-17
1974,1.02869394429665e-17
1975,1.02638855059126e-17
1976,1.02590878579791e-17
1977,1.01086208926657e-17
1978,1.0098864888331e-17
1979,1.00942087184553e-17
1980,1.0052963923224e-17
1981,1.00496167175619e-17
1982,1.0038443461062e-17
1983,9.96194131816603e-18
1984,9.94616911849208e-18
1985,9.94420582302495e-18
1986,9.9125412586757e-18
1987,9.86199022506243e-18
1988,9.85540675819174e-18
1989,9.85295104019825e-18
1990,9.76933971162854e-18
1991,9.70301046874798e-18
1992,9.70249139469799e-18
1993,9.66538206330306e-18
1994,9.62886055954518e-18
1995,9.6190329983687e-18
1996,9.59773444854505e-18
1997,9.59426872289043e-18
1998,9.59106507526123e-18
1999,9.57955451615432e-18
2000,9.45832968311317e-18
2001,9.43953146573733e-18
2002,9.36125414006294e-18
2003,9.3458252527479e-18
2004,9.34145903421379e-18
2005,9.331040248304e-18
2006,9.28748267404837e-18
2007,9.23595818409454e-18
2008,9.19508070381631e-18
2009,9.17758090731168e-18
2010,9.16470526157417e-18
2011,9.10675076710301e-18
2012,9.10260389557365e-18
2013,9.08736213569313e-18
2014,9.05044834021491e-18
2015,8.9752319116686e-18
2016,8.94574155698929e-18
2017,8.91233765311039e-18
2018,8.84192944471876e-18
2019,8.84010135617956e-18
2020,8.83544848127214e-18
2021,8.75388720913164e-18
2022,8.74235126195528e-18
2023,8.69213215207216e-18
2024,8.66473471321674e-18
2025,8.65142383132521e-18
2026,8.59995001588724e-18
2027,8.53102496016649e-18
2028,8.42772449484566e-18
2029,8.34037508630353e-18
2030,8.30203177278767e-18
2031,8.29904339628332e-18
2032,8.20756349419034e-18
2033,8.15089897395336e-18
2034,8.14230139087746e-18
2035,8.09256288746264e-18
2036,8.08036624806311e-18
2037,8.05319507640771e-18
2038,7.87653916215433e-18
2039,7.86833760076652e-18
2040,7.82172050584486e-18
2041,7.82165320616022e-18
2042,7.74176012152977e-18
2043,7.72677235321898e-18
2044,7.72486156431159e-18
2045,7.6334914231014e-18
2046,7.57329560532099e-18
2047,7.56079906336479e-18
2048,7.55263220281417e-18
2049,7.53252189830575e-18
2050,7.52325331793809e-18
2051,7.49593424420426e-18
2052,7.49186120129032e-18
2053,7.46826730328412e-18
2054,7.36948206279765e-18
2055,7.32739258118527e-18
2056,7.31339413850396e-18
2057,7.24337217395054e-18
2058,7.23311212546779e-18
2059,7.15079743561164e-18
2060,7.14971149558853e-18
2061,7.14369392311346e-18
2062,6.99361836270216e-18
2063,6.95762473542478e-18
2064,6.92122731201318e-18
2065,6.92021217256053e-18
2066,6.8087583806642e-18
2067,6.76716724955226e-18
2068,6.72211810368416e-18
2069,6.6465662152374e-18
2070,6.62068207818313e-18
2071,6.60654062226891e-18
2072,6.56284558997994e-18
2073,6.4768075416426e-18
2074,6.44338324197497e-18
2075,6.40478575261423e-18
2076,6.40400397518224e-18
2077,6.37500781258614e-18
2078,6.3746783727748e-18
2079,6.37181789107604e-18
2080,6.34169630426188e-18
2081,6.32258820499807e-18
2082,6.22322776619007e-18
2083,6.13056347049328e-18
2084,6.12147049448903e-18
2085,5.95812761257131e-18
2086,5.81812146701293e-18
2087,5.81425082302146e-18
2088,5.79146189141619e-18
2089,5.76308301209416e-18
2090,5.74010514626956e-18
2091,5.6156893119803e-18
2092,5.40235372329609e-18
2093,5.40084547410943e-18
2094,5.35637709838401e-18
2095,5.31737879020569e-18
2096,5.16605166508195e-18
2097,5.16092804186737e-18
2098,5.05859803463149e-18
2099,5.0452023204233e-18
2100,5.04006197223816e-18
2101,5.0258426515728e-18
2102,4.99366702338123e-18
2103,4.98642562452637e-18
2104,4.97510879940836e-18
2105,4.89657813441124e-18
2106,4.88777201841358e-18
2107,4.84805267304457e-18
2108,4.73038687153592e-18
2109,4.621095577474e-18
2110,4.55973887435338e-18
2111,4.48991911185772e-18
2112,4.47037419834723e-18
2113,4.46525469497547e-18
2114,4.46370471790241e-18
2115,4.46046950595263e-18
2116,4.44835619553787e-18
2117,4.44808367320822e-18
2118,4.38392136053619e-18
2119,4.36957297689484e-18
2120,4.35674951358761e-18
2121,4.3359404647858e-18
2122,4.33093466483508e-18
2123,4.31456467656261e-18
2124,4.2068735520846e-18
2125,4.20659461605166e-18
2126,4.13039470463689e-18
2127,4.10936555568982e-18
2128,4.05699361854912e-18
2129,4.04371816070725e-18
2130,4.03819265587749e-18
2131,4.02307148484268e-18
2132,4.01327430107413e-18
2133,3.95447785803358e-18
2134,3.9486243937918e-18
2135,3.91677703420915e-18
2136,3.91175184763945e-18
2137,3.81291494760613e-18
2138,3.77400837599879e-18
2139,3.75917363906283e-18
2140,3.70317655000872e-18
2141,3.6759074619993e-18
2142,3.61239309705238e-18
2143,3.59752387278956e-18
2144,3.58976977855145e-18
2145,3.5801309186505e-18
2146,3.54568398180591e-18
2147,3.38312291334267e-18
2148,3.31760334432849e-18
2149,3.27603109448167e-18
2150,3.24723518489486e-18
2151,3.22898622147752e-18
2152,3.21441453188217e-18
2153,3.210646363003e-18
2154,3.12953499042916e-18
2155,3.0024319347117e-18
2156,2.96319531979385e-18
2157,2.9189222674496e-18
2158,2.85412274049365e-18
2159,2.81962602064865e-18
2160,2.79522401220417e-18
2161,2.78908899324789e-18
2162,2.66294214245078e-18
2163,2.6537999030465e-18
2164,2.65361615236287e-18
2165,2.6402464739673e-18
2166,2.61012278535134e-18
2167,2.60117631136711e-18
2168,2.59621351006898e-18
2169,2.58860454932592e-18
2170,2.58399372221023e-18
2171,2.54931879472632e-18
2172,2.53945348561639e-18
2173,2.52685225782542e-18
2174,2.49680620790702e-18
2175,2.27537163498335e-18
2176,2.13577210604875e-18
2177,2.07991316809744e-18
2178,2.06544272423298e-18
2179,2.03581083943284e-18
2180,2.03453707573039e-18
2181,2.02629367459795e-18
2182,1.92192749092669e-18
2183,1.91764655440962e-18
2184,1.89582631076346e-18
2185,1.8893940018563e-18
2186,1.83381755174969e-18
2187,1.79297895062728e-18
2188,1.78903582376027e-18
2189,1.75960039486334e-18
2190,1.75651013062593e-18
2191,1.65950557803459e-18
2192,1.64848680239472e-18
2193,1.61357028109245e-18
2194,1.61212416813935e-18
2195,1.58173372830376e-18
2196,1.53422785625061e-18
2197,1.5312436594809e-18
2198,1.52466098772236e-18
2199,1.47904282476307e-18
2200,1.46056319449273e-18
2201,1.44425409428907e-18
2202,1.38081955727164e-18
2203,1.37758672989607e-18
2204,1.3275580857418e-18
2205,1.32606359459861e-18
2206,1.30884254306417e-18
2207,1.28053675667391e-18
2208,1.28016746022223e-18
2209,1.19746568901182e-18
2210,1.13457044056725e-18
2211,1.10170922725236e-18
2212,1.06829934650792e-18
2213,1.0604861492773e-18
2214,1.05628276791394e-18
2215,1.0541539725914e-18
2216,1.03970732052534e-18
2217,1.00938530313129e-18
2218,9.85578962958733e-19
2219,9.69853791082738e-19
2220,9.29996605629289e-19
2221,9.0698323624029e-19
2222,8.83483489971308e-19
2223,8.77675691933542e-19
2224,8.41887260835509e-19
2225,8.26941122141671e-19
2226,8.12981725133251e-19
2227,7.58526476324292e-19
2228,7.17867445851944e-19
2229,6.78183921447797e-19
2230,6.77137050359851e-19
2231,6.29850510741853e-19
2232,4.67345742951423e-19
2233,3.83775154360994e-19
2234,3.53526877637885e-19
2235,2.83922382978396e-19
2236,2.80309927934011e-19
2237,2.56653637152429e-19
2238,2.09457204944679e-19
2239,1.79196346087395e-19
2240,1.72627978350466e-19
2241,1.67256314528978e-19
2242,4.81709179447915e-20
2243,4.74152265497934e-20
2244,0
2245,0
2246,0
2247,0
2248,0
2249,0
2250,0
2251,0
2252,0
2253,0
2254,0
2255,0
2256,0
2257,0
2258,0
2259,0
2260,0
2261,0
2262,0
2263,0
2264,0
2265,0
2266,0
2267,0
2268,0
2269,0
2270,0
2271,0
2272,0
2273,0
2274,0
2275,0
2276,0
2277,0
2278,0
2279,0
2280,0
2281,0
2282,0
2283,0
2284,0
2285,0
2286,0
2287,0
2288,0
2289,0
2290,0
2291,0
2292,0
2293,0
2294,0
2295,0
2296,0
2297,0
2298,0
2299,0
2300,0
2301,0
2302,0
2303,0
2304,0
2305,0
2306,0
2307,0
2308,0
2309,0
2310,0
2311,0
2312,0
2313,0
2314,0
2315,0
2316,0
2317,0
2318,0
2319,0
2320,0
2321,0
2322,0
2323,0
2324,0
2325,0
2326,0
2327,0
2328,0
2329,0
2330,0
2331,0
2332,0
2333,0
2334,0
2335,0
2336,0
2337,0
2338,0
2339,0
2340,0
2341,0
2342,0
2343,0
2344,0
2345,0
2346,0
2347,0
2348,0
2349,0
2350,0
2351,0
2352,0
2353,0
2354,0
2355,0
2356,0
2357,0
2358,0
2359,0
2360,0
2361,0
2362,0
2363,0
2364,0
2365,0
2366,0
2367,0
2368,0
2369,0
2370,0
2371,0
2372,0
2373,0
2374,0
2375,0
2376,0
2377,0
2378,0
2379,0
2380,0
2381,0
2382,0
2383,0
2384,0
2385,0
2386,0
2387,0
2388,0
2389,0
2390,0
2391,0
2392,0
2393,0
2394,0
2395,0
2396,0
2397,0
2398,0
2399,0
2400,0
2401,0
2402,0
2403,0
2404,0
2405,0
2406,0
2407,0
2408,0
2409,0
2410,0
2411,0
2412,0
2413,0
2414,0
2415,0
2416,0
2417,0
2418,0
2419,0
2420,0
2421,0
2422,0
2423,0
2424,0
2425,0
2426,0
2427,0
2428,0
2429,0
2430,0
2431,0
2432,0
2433,0
2434,0
2435,0
2436,0
2437,0
2438,0
2439,0
2440,0
2441,0
2442,0
2443,0
2444,0
2445,0
2446,0
2447,0
2448,0
2449,0
2450,0
2451,0
2452,0
2453,0
2454,0
2455,0
2456,0
2457,0
2458,0
2459,0
2460,0
2461,0
2462,0
2463,0
2464,0
2465,0
2466,0
2467,0
2468,0
2469,0
2470,0
2471,0
2472,0
2473,0
2474,0
2475,0
2476,0
2477,0
2478,0
2479,0
2480,0
2481,0
2482,0
2483,0
2484,0
2485,0
2486,0
2487,0
2488,0
2489,0
2490,0
2491,0
2492,0
2493,0
2494,0
2495,0
2496,0
2497,0
2498,0
2499,0
2500,0
2501,0
2502,0
2503,0
2504,0
2505,0
2506,0
2507,0
2508,0
2509,0
2510,0
2511,0
2512,0
2513,0
2514,0
2515,0
2516,0
2517,0
2518,0
2519,0
2520,0
2521,0
2522,0
2523,0
2524,0
2525,0
2526,0
2527,0
2528,0
2529,0
2530,0
2531,0
2532,0
2533,0
2534,0
2535,0
2536,0
2537,0
2538,0
2539,0
2540,0
2541,0
2542,0
2543,0
2544,0
2545,0
2546,0
2547,0
2548,0
2549,0
2550,0
2551,0
2552,0
2553,0
2554,0
2555,0
2556,0
2557,0
2558,0
2559,0
2560,0
2561,0
2562,0
2563,0
2564,0
2565,0
2566,0
2567,0
2568,0
2569,0
2570,0
2571,0
2572,0
2573,0
2574,0
2575,0
2576,0
2577,0
2578,0
2579,0
2580,0
2581,0
2582,0
2583,0
2584,0
2585,0
2586,0
2587,0
2588,0
2589,0
2590,0
2591,0
2592,0
2593,0
2594,0
2595,0
2596,0
2597,0
2598,0
2599,0
2600,0
2601,0
2602,0
2603,0
2604,0
2605,0
2606,0
2607,0
2608,0
2609,0
2610,0
2611,0
2612,0
2613,0
2614,0
2615,0
2616,0
2617,0
2618,0
2619,0
2620,0
2621,0
2622,0
2623,0
2624,0
2625,0
2626,0
2627,0
2628,0
2629,0
2630,0
2631,0
2632,0
2633,0
2634,0
2635,0
2636,0
2637,0
2638,0
2639,0
2640,0
2641,0
2642,0
2643,0
2644,0
2645,0
2646,0
2647,0
2648,0
2649,0
2650,0
2651,0
2652,0
2653,0
2654,0
2655,0
2656,0
2657,0
2658,0
2659,0
2660,0
2661,0
2662,0
2663,0
2664,0
2665,0
2666,0
2667,0
2668,0
2669,0
2670,0
2671,0
2672,0
2673,0
2674,0
2675,0
2676,0
2677,0
2678,0
2679,0
2680,0
2681,0
2682,0
2683,0
2684,0
2685,0
2686,0
2687,0
2688,0
2689,0
2690,0
2691,0
2692,0
2693,0
2694,0
2695,0
2696,0
2697,0
2698,0
2699,0
2700,0
2701,0
2702,0
2703,0
2704,0
2705,0
2706,0
2707,0
2708,0
2709,0
2710,0
2711,0
2712,0
2713,0
2714,0
2715,0
2716,0
2717,0
2718,0
2719,0
2720,0
2721,0
2722,0
2723,0
2724,0
2725,0
2726,0
2727,0
2728,0
2729,0
2730,0
2731,0
2732,0
2733,0
2734,0
2735,0
2736,0
2737,0
2738,0
2739,0
2740,0
2741,0
2742,0
2743,0
2744,0
2745,0
2746,0
2747,0
2748,0
2749,0
2750,0
2751,0
2752,0
2753,0
2754,0
2755,0
2756,0
2757,0
2758,0
2759,0
2760,0
2761,0
2762,0
2763,0
2764,0
2765,0
2766,0
2767,0
2768,0
2769,0
2770,0
2771,0
2772,0
2773,0
2774,0
2775,0
2776,0
2777,0
2778,0
2779,0
2780,0
2781,0
2782,0
2783,0
2784,0
2785,0
2786,0
2787,0
2788,0
2789,0
2790,0
2791,0
2792,0
2793,0
2794,0
2795,0
2796,0
2797,0
2798,0
2799,0
2800,0
2801,0
2802,0
2803,0
2804,0
2805,0
2806,0
2807,0
2808,0
2809,0
2810,0
2811,0
2812,0
2813,0
2814,0
2815,0
2816,0
2817,0
2818,0
2819,0
2820,0
2821,0
2822,0
2823,0
2824,0
2825,0
2826,0
2827,0
2828,0
2829,0
2830,0
2831,0
2832,0
2833,0
2834,0
2835,0
2836,0
2837,0
2838,0
2839,0
2840,0
2841,0
2842,0
2843,0
2844,0
2845,0
2846,0
2847,0
2848,0
2849,0
2850,0
2851,0
2852,0
2853,0
2854,0
2855,0
2856,0
2857,0
2858,0
2859,0
2860,0
2861,0
2862,0
2863,0
2864,0
2865,0
2866,0
2867,0
2868,0
2869,0
2870,0
2871,0
2872,0
2873,0
2874,0
2875,0
2876,0
2877,0
2878,0
2879,0
2880,0
2881,0
2882,0
2883,0
2884,0
2885,0
2886,0
2887,0
2888,0
2889,0
2890,0
2891,0
2892,0
2893,0
2894,0
2895,0
2896,0
2897,0
2898,0
2899,0
2900,0
2901,0
2902,0
2903,0
2904,0
2905,0
2906,0
2907,0
2908,0
2909,0
2910,0
2911,0
2912,0
2913,0
2914,0
2915,0
2916,0
2917,0
2918,0
2919,0
2920,0
2921,0
2922,0
2923,0
2924,0
2925,0
2926,0
2927,0
2928,0
2929,0
2930,0
2931,0
2932,0
2933,0
2934,0
2935,0
2936,0
2937,0
2938,0
2939,0
2940,0
2941,0
2942,0
2943,0
2944,0
2945,0
2946,0
2947,0
2948,0
2949,0
2950,0
2951,0
2952,0
2953,0
2954,0
2955,0
2956,0
2957,0
2958,0
2959,0
2960,0
2961,0
2962,0
2963,0
2964,0
2965,0
2966,0
2967,0
2968,0
2969,0
2970,0
2971,0
2972,0
2973,0
2974,0
2975,0
2976,0
2977,0
2978,0
2979,0
2980,0
2981,0
2982,0
2983,0
2984,0
2985,0
2986,0
2987,0
2988,0
2989,0
2990,0
2991,0
2992,0
2993,0
2994,0
2995,0
2996,0
2997,0
2998,0
2999,0
3000,0
3001,0
3002,0
3003,0
3004,0
3005,0
3006,0
3007,0
3008,0
3009,0
3010,0
3011,0
3012,0
3013,0
3014,0
3015,0
3016,0
3017,0
3018,0
3019,0
3020,0
3021,0
3022,0
3023,0
3024,0
3025,0
3026,0
3027,0
3028,0
3029,0
3030,0
3031,0
3032,0
3033,0
3034,0
3035,0
3036,0
3037,0
3038,0
3039,0
3040,0
3041,0
3042,0
