"ligand","label","class","n_points","rc_min","pmf_range","rc_range"
"APO","APO
(no ligand)","APO",29,24.3,48.0245,2.8
"AZD5305","AZD5305
(blind)","Unknown",28,23.6,59.6887,2.7
"olaparib","Olaparib
(Type II)","Type_II",34,24.3,51.6245,3.3
"talazoparib","Talazoparib
(Type II)","Type_II",200,24.292462,44.8508,2.9
"veliparib","Veliparib
(Type III)","Type_III",200,23.50201,51.844,3.1
"niraparib","Niraparib
(Type III)","Type_III",19,23.6,49.3973,1.8
"rucaparib","Rucaparib
(Type III)","Type_III",24,24.1,48.666,2.3
"fluzoparib","Fluzoparib
(ext.)","Extension",36,25.2,53.9990257760058,3.50000000000005
"pamiparib","Pamiparib
(ext.)","Extension",28,23.4,48.6948675343395,2.70000000000004
"senaparib","Senaparib
(ext.)","Extension",28,24.9,52.1879913492686,2.70000000000004
