"rc_min","well_depth","rc_range","barrier_left","barrier_right","barrier","fwhm","n_states","ligand","system","n_points"
24.3,48.0245,2.8,48.0245,48.0245,48.0245,2.6,7,"APO","S1",29
23.6,59.6887,2.7,59.6887,59.6887,59.6887,2.2,6,"AZD5305","S1",28
23.6,49.3973,1.8,49.3973,49.3973,49.3973,1.6,4,"Niraparib","S1",19
24.3,51.6245,3.3,51.6245,51.6245,51.6245,2.7,9,"Olaparib","S1",34
24.1,48.666,2.3,48.666,48.666,48.666,2.1,8,"Rucaparib","S1",24
24.292462,44.8508,2.9,44.8508,44.8508,44.8508,2.025629,9,"Talazoparib","S1",200
23.50201,51.844,3.1,51.844,51.844,51.844,1.542211,11,"Veliparib","S1",200
22.4,44.0222069681795,2.20000000000003,44.0222069681795,44.0222069681795,44.0222069681795,2.00000000000003,7,"APO","S2",23
22.4,50.3476664621762,1.70000000000002,50.3476664621762,50.3476664621762,50.3476664621762,1.20000000000002,6,"AZD5305","S2",18
23.2,53.4120025829154,1.50000000000002,53.4120025829154,53.4120025829154,53.4120025829154,1.30000000000002,4,"Niraparib","S2",16
23.2,48.0399325847723,1.80000000000003,48.0399325847723,23.3336550539648,48.0399325847723,1.70000000000002,5,"Olaparib","S2",19
23.2,52.5953839878437,1.30000000000002,52.5953839878437,27.8891064570362,52.5953839878437,1.10000000000002,3,"Rucaparib","S2",14
22.8,61.9469971756015,2.20000000000003,61.9469971756015,61.9469971756015,61.9469971756015,1.50000000000002,6,"Talazoparib","S2",23
23.5,72.9489662916288,2.20000000000003,72.9489662916288,72.9489662916288,72.9489662916288,1.30000000000002,5,"Veliparib","S2",23
