ligand,metric,C1,C2,C3,source
APO,CV1,34.0,39.4,47.6,exact_log_dbe
APO,CV2,34.0,40.1,44.0,exact_log_dbe
APO,AAI,48.02,44.0,1.0913636363636365,exact_log_dbe
talazoparib,CV1,34.6,42.5,53.1,exact_log_dbe
talazoparib,CV2,34.9,43.1,61.9,exact_log_dbe
talazoparib,AAI,51.40,61.9,0.830372,exact_log_dbe
AZD5305,CV1,34.8,45.1,79.4,exact_log_dbe
AZD5305,CV2,34.2,40.9,50.3,exact_log_dbe
AZD5305,AAI,59.69,50.3,1.1866799204771372,exact_log_dbe
veliparib,CV1,34.6,42.8,58.9,exact_log_dbe
veliparib,CV2,34.4,48.7,72.9,exact_log_dbe
veliparib,AAI,62.90,72.9,0.862826,exact_log_dbe
fluzoparib,CV1,33.2,41.3,56.9,exact_log_dbe
fluzoparib,CV2,33.5,38.8,46.9,exact_log_dbe
fluzoparib,AAI,54.0,46.9,1.1513859275053304,exact_log_dbe
pamiparib,CV1,34.1,42.4,58.1,exact_log_dbe
pamiparib,CV2,34.0,40.4,51.8,exact_log_dbe
pamiparib,AAI,48.7,51.8,0.9401544401544403,exact_log_dbe
senaparib,CV1,33.7,44.0,66.3,exact_log_dbe
senaparib,CV2,34.1,42.5,49.4,exact_log_dbe
senaparib,AAI,52.2,49.4,1.05668016194332,exact_log_dbe
niraparib,CV1,34.9,44.1,62.0,nira_prot_dbe
niraparib,CV2,33.9,40.3,50.5,nira_prot_dbe
niraparib,AAI,59.3,50.5,1.174257,nira_prot_dbe
olaparib,CV1,34.5,46.6,58.5,rerun_exact_dbe
olaparib,CV2,33.8,43.3,48.0,rerun_exact_dbe
olaparib,AAI,51.62,48.0,1.075500,rerun_exact_dbe
rucaparib,CV1,35.8,42.0,59.3,rerun_exact_dbe
rucaparib,CV2,34.5,40.2,52.6,rerun_exact_dbe
rucaparib,AAI,48.67,52.6,0.925209,rerun_exact_dbe
