tag,window_ns,n_windows,c3_span_sd,c3_span_mean
sys2_niraparib,2,13,7.928520131487486,48.63516531577788
sys2_niraparib,4,6,7.477913058677307,53.11640365183296
sys2_niraparib,6,4,1.5223017056625612,56.11947147458999
sys2_niraparib,12,2,6.141784826291314,60.8933767803762
sys2_niraparib,24,1,0.0,56.64927809233839
sys2_olaparib,2,13,12.633308840565254,48.88278865088465
sys2_olaparib,4,6,15.0270472939524,58.1215481607687
sys2_olaparib,6,4,11.864068848756292,67.58059604363959
sys2_olaparib,12,2,5.20696742340477,59.89050939007024
sys2_olaparib,24,1,0.0,58.481749927507124
sys2_rucaparib,2,13,16.275560736712187,55.472220746974145
sys2_rucaparib,4,6,15.436014844409062,60.39971875519515
sys2_rucaparib,6,4,14.966382019976635,62.82581330838846
sys2_rucaparib,12,2,6.153905953371442,70.71781011328378
sys2_rucaparib,24,1,0.0,59.4651300360124
sys2_nira_prot,2,13,4.275233517511711,46.791205513473614
sys2_nira_prot,4,6,14.606078440446591,56.02312340233484
sys2_nira_prot,6,4,15.657974750819314,64.25068009213753
sys2_nira_prot,12,2,6.695362860157054,72.82120823335447
sys2_nira_prot,24,1,0.0,70.0676528224595
sys2_ruca_prot,2,13,18.655233355200156,55.800522979759144
sys2_ruca_prot,4,6,27.87179741696346,79.81033251124855
sys2_ruca_prot,6,4,33.422860267687234,82.81377254406081
sys2_ruca_prot,12,2,2.565095231515805,92.54961458141017
sys2_ruca_prot,24,1,0.0,84.07955925458258
