ligand,seed,window_ns,span_mean,span_sd,nblocks
talazoparib,s123,2,15.122,3.016,100
talazoparib,s123,4,16.538,2.860,50
talazoparib,s123,6,16.954,3.527,33
talazoparib,s123,12,18.477,3.822,16
talazoparib,s123,24,20.013,4.018,8
talazoparib,s49,2,15.974,3.439,100
talazoparib,s49,4,16.871,3.635,50
talazoparib,s49,6,17.514,3.179,33
talazoparib,s49,12,19.157,2.688,16
talazoparib,s49,24,20.351,2.363,8
talazoparib,s7,2,14.967,3.021,100
talazoparib,s7,4,16.455,3.017,50
talazoparib,s7,6,16.392,3.120,33
talazoparib,s7,12,17.216,2.094,16
talazoparib,s7,24,17.976,2.035,8
veliparib,s123,2,15.819,3.227,100
veliparib,s123,4,17.249,3.575,50
veliparib,s123,6,17.903,3.009,33
veliparib,s123,12,18.614,3.606,16
veliparib,s123,24,19.803,3.890,8
veliparib,s49,2,16.358,3.441,200
veliparib,s49,4,17.988,3.405,100
veliparib,s49,6,17.942,3.283,66
veliparib,s49,12,19.420,3.122,33
veliparib,s49,24,20.561,3.828,16
veliparib,s7,2,15.763,2.918,200
veliparib,s7,4,16.838,3.014,100
veliparib,s7,6,17.559,2.884,66
veliparib,s7,12,18.728,2.466,33
veliparib,s7,24,19.206,3.023,16
